id,first_name,last_name,email,gender
1,Carlo,Porcher,cporcher0@cisco.com,Male
2,Leighton,Duny,lduny1@fc2.com,Male
3,Francisca,Zecchinelli,fzecchinelli2@google.cn,Female
4,Esther,Lillgard,elillgard3@hubpages.com,Female
5,Terrill,Fraulo,tfraulo4@devhub.com,Male
6,Katrine,Toffel,ktoffel5@usa.gov,Female
7,Jorie,Dinnington,jdinnington6@ihg.com,Female
8,Lindsey,Strutley,lstrutley7@netvibes.com,Female
9,Goraud,Campaigne,gcampaigne8@amazonaws.com,Male
10,Berty,Gorrick,bgorrick9@lycos.com,Male
11,Erika,Iveagh,eiveagha@blogtalkradio.com,Female
12,Ilse,Waliszewski,iwaliszewskib@about.me,Female
13,Terza,Lummasana,tlummasanac@hostgator.com,Female
14,Rob,Jennrich,rjennrichd@webnode.com,Male
15,Dennison,Caro,dcaroe@google.nl,Male
16,Merrick,Camps,mcampsf@bigcartel.com,Male
17,Fulvia,Latchmore,flatchmoreg@networksolutions.com,Female
18,Wain,Matiasek,wmatiasekh@narod.ru,Male
19,Elenore,Ivakhin,eivakhini@gnu.org,Female
20,Riannon,Chamney,rchamneyj@omniture.com,Female
21,Cristin,Scarman,cscarmank@netvibes.com,Female
22,Mavis,Di Carli,mdicarlil@washingtonpost.com,Female
23,Dallas,McHugh,dmchughm@bigcartel.com,Male
24,Jourdan,Skeen,jskeenn@foxnews.com,Female
25,Glad,Du Pre,gdupreo@clickbank.net,Female
26,Johan,Faulconbridge,jfaulconbridgep@furl.net,Male
27,Melamie,Gile,mgileq@webeden.co.uk,Female
28,Danya,Nias,dniasr@noaa.gov,Male
29,Nancey,Ingon,ningons@ed.gov,Female
30,Sheree,Bartholomieu,sbartholomieut@rakuten.co.jp,Female
31,Sheffie,Dayly,sdaylyu@is.gd,Male
32,Malachi,Girvan,mgirvanv@blinklist.com,Male
33,Fonsie,Caston,fcastonw@php.net,Male
34,Bobbie,Harcombe,bharcombex@phpbb.com,Male
35,Liva,Andrea,landreay@google.nl,Female
36,Griffith,De'Vere - Hunt,gdeverehuntz@opensource.org,Male
37,Guthrey,Fforde,gfforde10@loc.gov,Male
38,Dominik,Croce,dcroce11@ed.gov,Male
39,Tremayne,Brogi,tbrogi12@forbes.com,Male
40,Pegeen,Chittie,pchittie13@fastcompany.com,Female
41,Donavon,Goatman,dgoatman14@forbes.com,Male
42,Joycelin,McFeat,jmcfeat15@google.co.jp,Female
43,Horace,Truckett,htruckett16@uol.com.br,Male
44,Egan,Raubenheim,eraubenheim17@ehow.com,Male
45,Laney,Loughead,lloughead18@comcast.net,Male
46,Mignon,Rogez,mrogez19@msu.edu,Female
47,Frans,Gumery,fgumery1a@xinhuanet.com,Male
48,Mead,Palumbo,mpalumbo1b@reverbnation.com,Male
49,Alie,Koeppe,akoeppe1c@deliciousdays.com,Female
50,Nettle,Gummie,ngummie1d@tinypic.com,Female
51,Isahella,Adriaan,iadriaan1e@techcrunch.com,Female
52,Wiley,Liven,wliven1f@apple.com,Male
53,Minne,Vossgen,mvossgen1g@samsung.com,Female
54,Jaclyn,Trevallion,jtrevallion1h@bbc.co.uk,Female
55,Antoine,Shillom,ashillom1i@angelfire.com,Male
56,Kelley,Petruszka,kpetruszka1j@goo.ne.jp,Male
57,Klaus,Dorrity,kdorrity1k@wikia.com,Male
58,Myca,Rapi,mrapi1l@stanford.edu,Male
59,Hebert,Moatt,hmoatt1m@mapy.cz,Male
60,Sofie,Eadmeads,seadmeads1n@usatoday.com,Female
61,Bettye,Arnull,barnull1o@marriott.com,Female
62,Nanette,Grigoli,ngrigoli1p@umich.edu,Female
63,Greer,Botten,gbotten1q@unicef.org,Female
64,Karlyn,Bierton,kbierton1r@1688.com,Female
65,Worden,Duffrie,wduffrie1s@hibu.com,Male
66,Stanton,Hamsher,shamsher1t@nsw.gov.au,Male
67,Iain,Jimes,ijimes1u@icio.us,Male
68,Clark,Furmage,cfurmage1v@squidoo.com,Male
69,Albert,Fontelles,afontelles1w@eventbrite.com,Male
70,Osborne,Nevison,onevison1x@techcrunch.com,Male
71,Israel,Benzie,ibenzie1y@clickbank.net,Male
72,Cletus,Bendare,cbendare1z@reddit.com,Male
73,Kevon,Duncan,kduncan20@pcworld.com,Male
74,Delmer,Sirmond,dsirmond21@dmoz.org,Male
75,Fanny,Ostler,fostler22@lulu.com,Female
76,Goddard,Simko,gsimko23@ftc.gov,Male
77,Dedra,Collumbine,dcollumbine24@wired.com,Female
78,Nerti,Vasyuchov,nvasyuchov25@cam.ac.uk,Female
79,Barney,Genders,bgenders26@ed.gov,Male
80,Audrie,Swait,aswait27@nationalgeographic.com,Female
81,Eilis,Castagnone,ecastagnone28@ovh.net,Female
82,Katharyn,MacGibbon,kmacgibbon29@wisc.edu,Female
83,Julie,Orpyne,jorpyne2a@istockphoto.com,Male
84,Marji,Jacobson,mjacobson2b@de.vu,Female
85,Horton,Celez,hcelez2c@ameblo.jp,Male
86,Paddy,Grassett,pgrassett2d@plala.or.jp,Male
87,Danice,Croot,dcroot2e@vkontakte.ru,Female
88,Randall,Davers,rdavers2f@prnewswire.com,Male
89,Melamie,Rozzell,mrozzell2g@furl.net,Female
90,Netty,Fuentez,nfuentez2h@redcross.org,Female
91,Mollee,Tebb,mtebb2i@elegantthemes.com,Female
92,Tess,Howles,thowles2j@vk.com,Female
93,Brietta,Purdon,bpurdon2k@comsenz.com,Female
94,Paola,Wainwright,pwainwright2l@istockphoto.com,Female
95,Anderea,Twyford,atwyford2m@google.fr,Female
96,Herman,Tysall,htysall2n@rakuten.co.jp,Male
97,Mozes,Lansbury,mlansbury2o@time.com,Male
98,Enrique,Armitage,earmitage2p@state.gov,Male
99,Hurlee,Finkle,hfinkle2q@youtube.com,Male
100,Foss,Powdrill,fpowdrill2r@fotki.com,Male
